Shopping Mall Name,Location,Address,Latitude,Longitude,Opening Date,Developer,Management,Owner,Number of Stores,Number of Floors,Floor Area,Transit Access,Website,Wesbite,SearchVal,Postal
100 AM,,100 TRAS STREET 100 AM SINGAPORE 079027,1.2745882179999999,103.84347070000001,,,,,,,,,,,100 AM,079027
313@Somerset,,313 ORCHARD ROAD UOB 313@SOMERSET SINGAPORE 238895,1.301385102,103.8376844,,,,,,,,,,,UOB 313@SOMERSET,238895
Aperia,,12 KALLANG AVENUE APERIA SINGAPORE 339511,1.30974242,103.8641016,,,,,,,,,,,APERIA,339511
Balestier Hill Shopping Centre,,2A BALESTIER ROAD BALESTIER HILL SHOPPING CENTRE SINGAPORE 321002,1.326124169,103.8437095,,,,,,,,,,,BALESTIER HILL SHOPPING CENTRE,321002
Bugis Cube,,470 NORTH BRIDGE ROAD BUGIS CUBE SINGAPORE 188735,1.298195005,103.85565550000001,,,,,,,,,,,BUGIS CUBE,188735
Bugis Junction,"Bugis, Singapore",230 VICTORIA STREET BUGIS JUNCTION SINGAPORE 188024,1.300117893,103.8561916,Jul-95,,CapitaMalls Asia,CapitaMall Trust,200,3,, EW12  DT14  Bugis,,www.capitaland.com/sg/malls/bugisjunction/en.html,BUGIS JUNCTION,188024
Bugis+,"Bugis, Singapore",BUGIS MRT STATION EXIT C,1.300007152,103.8556805,1 June 2009 (as Iluma),,CapitaMalls Asia,CapitaMall Trust,More than 150,10,, EW12  DT14  Bugis,,www.bugis-plus.com.sg/malls/website/index.aspx,BUGIS MRT STATION EXIT C,NIL
Capitol Piazza,"Downtown Core, Singapore",13 STAMFORD ROAD CAPITOL PIAZZA SINGAPORE 178905,1.293063359,103.85129350000001,Mar-15,Capitol Investment Holdings,Capitol Singapore,Capitol Singapore,,"2, 4 basements",, NS25  EW13  City Hall,,www.capitolpiazza.com,CAPITOL PIAZZA,178905
Cathay Cineleisure Orchard,Singapore,8 GRANGE ROAD CATHAY CINELEISURE ORCHARD SINGAPORE 239695,1.301497434,103.8364448,1997,Cathay Organisation,Cathay Organisation,Cathay Organisation,54,14,,,,cineleisure.com.sg,CATHAY CINELEISURE ORCHARD,239695
Clarke Quay Central,,,,,,,,,,,,,,,-1,
The Centrepoint,Singapore,176A ORCHARD ROAD THE CENTREPOINT SINGAPORE 238844,1.301978369,103.839759,May-83,Frasers Centrepoint,Frasers Centrepoint,Frasers Centrepoint,180,8,,Somerset,,The Centrepoint,THE CENTREPOINT,238844
City Square Mall,"Kallang, Singapore",180 KITCHENER ROAD CITY SQUARE MALL SINGAPORE 208539,1.31147745,103.8567808,19 September 2009; 11 years ago[1],City Developments Limited,City Developments Limited,City Developments Limited,over 200,"11 (9 levels, 2 basements)",, NE8  Farrer Park,,citysquaremall.com.sg,CITY SQUARE MALL,208539
City Gate Mall,,,,,,,,,,,,,,,-1,
CityLink Mall,"1 Raffles Link, Singapore 039393",1 RAFFLES LINK CITYLINK MALL SINGAPORE 039393,1.292378607,103.854663,1 July 2000; 20 years ago,Hongkong Land,Hongkong Land,Hongkong Land,,7,," EW13  NS25  City Hall
 CC3  Esplanade",,www.citylink.com.sg,CITYLINK MALL,039393
Duo,"Bugis, Singapore",DUO RESIDENCES,1.299216621,103.8579968,,"M+S
UEM Sunrise Berhad (Project Manager)
CapitaLand Limited (Project Manager)",,,,,,,,,DUO RESIDENCES,NIL
Far East Plaza,"14 Scotts Road, Singapore 228213",14D SCOTTS ROAD FAR EAST PLAZA SINGAPORE 228217,1.3073111259999999,103.83394,1982; 38 years ago,,,,,,,,,www.fareastplaza.com.sg,FAR EAST PLAZA,228217
Funan,,107 NORTH BRIDGE ROAD FUNAN SINGAPORE 179105,1.2912440059999999,103.8499848,,,,,,,,,,,FUNAN,179105
Great World City,Singapore,1 KIM SENG PROMENADE GREAT WORLD CITY SINGAPORE 237994,1.293154929,103.831928,Oct-97,,Allgreen Properties Ltd,GWC Commercial Pte. Ltd. (A wholly owned subsidiary of Allgreen Properties Ltd),146,6,, TE15  Great World (from 2021),,greatworldcity.com.sg,GREAT WORLD CITY,237994
HDB Hub,,530 LORONG 6 TOA PAYOH HDB HUB SINGAPORE 310530,1.33218812,103.8470778,,,,,,,,,,www.hdb.gov.sg,HDB HUB,310530
Holland Village Shopping Mall,,,,,,,,,,,,,,,-1,
ION Orchard,Singapore,2 ORCHARD TURN ION ORCHARD SINGAPORE 238801,1.3040425340000001,103.83188829999999,"21 July 2009; 11 years ago (operational)
23 October 2009; 11 years ago (official)",Orchard Turn Developments Pte Ltd (A joint venture company between CapitaLand and Sun Hung Kai Properties),Orchard Turn Developments Pte Ltd,Orchard Turn Developments Pte Ltd,400,12 (8 retail and 4 car park),, NS22  TE14  Orchard,,ionorchard.com,ION ORCHARD,238801
Junction 8,"9 Bishan Place, Singapore 579837",9 BISHAN PLACE JUNCTION 8 SHOPPING CENTRE SINGAPORE 579837,1.350686263,103.84894969999999,27 November 1993; 26 years ago,,CapitaLand,CapitaMall Trust,174,"12 (6 retail floors inclusive of 2 basements (B2 to L4), 2 parking floors (B1 and B2), 7 office floors (L5 to L11))",, NS17  CC15  Bishan,,Junction 8,JUNCTION 8 SHOPPING CENTRE,579837
Liang Court,"River Valley, Singapore",LIANG COURT JETTY,1.290658604,103.84454720000001,20 January 1984; 36 years ago[1],Wuthelam Group Ltd and Daimaru Inc,CapitaLand,CapitaLand and City Developments Limited,53,7,,,,,LIANG COURT JETTY,NIL
Liat Towers,Singapore,541 ORCHARD ROAD LIAT TOWERS SINGAPORE 238881,1.30510759,103.83072790000001,,,,Bonvests Holdings Limited[2],,21,,,,www.liattowers.com,LIAT TOWERS,238881
Lucky Plaza,"Orchard, Singapore",304 ORCHARD ROAD LUCKY PLAZA SINGAPORE 238863,1.30446379,103.83400520000001,"1979 (Podium), 1981 (Apartment)","Far East Organization, Ng Teng Fong",,,,,,,,luckyplaza.com.sg,LUCKY PLAZA,238863
Marina Bay Sands,,MARINA BAY SANDS,1.283994101,103.85945059999999,"27 April 2010; 10 years ago (soft opening)
23 June 2010; 10 years ago (official opening)
17 February 2011; 9 years ago (grand opening)",,,Las Vegas Sands,,,,,,Marina Bay Sands,MARINA BAY SANDS,NIL
The Shoppes at Marina Bay Sands,,2A BAYFRONT AVENUE THE SHOPPES AT MARINA BAY SANDS SINGAPORE 018958,1.284234913,103.8589822,,,,,,,,,,,THE SHOPPES AT MARINA BAY SANDS,018958
Marina Bay Financial Centre Tower 3,,12 MARINA BOULEVARD MARINA BAY FINANCIAL CENTRE (TOWER 3) SINGAPORE 018982,1.279124938,103.85445759999999,,,,,,,,,,,MARINA BAY FINANCIAL CENTRE (TOWER 3),018982
Marina Bay Link Mall,"Marina Boulevard, Downtown Core, Singapore",8A MARINA BOULEVARD MARINA BAY LINK MALL SINGAPORE 018984,1.2804679429999999,103.85347009999998,,"HKL
Cheung Kong Limited/Hutchison Whampoa
Keppel Land",Raffles Quay Asset Management,,,,,,,,MARINA BAY LINK MALL,018984
Marina One,,MARINA ONE RESIDENCES,1.27704169,103.85340190000001,,"M+S
UEM Sunrise (Project manager)
Mapletree Investments (Project manager)",,,,,,,,,MARINA ONE RESIDENCES,NIL
Marina Square,"Marina Centre, Singapore",7 RAFFLES BOULEVARD MARINA SQUARE SINGAPORE 039595,1.291117292,103.8577583,1985,Singapore Land,Singapore Land,Singapore Land,,5,,,,www.marinasquare.com.sg,MARINA SQUARE,039595
Millenia Walk,,9 RAFFLES BOULEVARD MILLENIA WALK SINGAPORE 039596,1.292046053,103.8599002,,,,,,,,,,,MILLENIA WALK,039596
Mustafa Shopping Centre,"Syed Alwi Road, Little India, Singapore","145 Syed Alwi Road, Singapore 207704",1.309722222,103.8558333,April 1995; 25 years ago,,,Mr. Mustaq Ahmad,1 main store and 3 wings,8,, NE8  Farrer Park,,www.mustafa.com.sg,-1,
Ngee Ann City,Singapore,391B ORCHARD ROAD NGEE ANN CITY SINGAPORE 238874,1.302424172,103.8346761,21 September 1993; 27 years ago,"Ngee Ann Development
Orchard Square Development",Ngee Ann Property Management,Tower B - YTL Starhill Global Property Management,130,"29 (7 retail floors (B2 to L5), 3 parking floors (B3, L6 and L7), 19 office floors (L8 to L26))",," NS23  Somerset
 NS22  TE14  Orchard",,ngeeanncity.com.sg,NGEE ANN CITY,238874
Orchard Central,Singapore,181 ORCHARD ROAD ORCHARD CENTRAL SINGAPORE 238896,1.300723504,103.83969240000002,2 July 2009; 11 years ago,"Far East Organization
OCBC Bank",Orchard Central Private Limited,Far East Organization,~400,14,," NS23  Somerset
 NS24  NE6  CC1  Dhoby Ghaut",,orchardcentral.com.sg,ORCHARD CENTRAL,238896
Orchard Gateway,"Orchard, Singapore",277 ORCHARD ROAD ORCHARD GATEWAY SINGAPORE 238858,1.300443253,103.8394428,26 April 2014; 6 years ago,"Oversea-Chinese Banking Corporation
United Engineers Limited",,,,6 (including 2 basement levels),, NS23  Somerset,,www.orchardgateway.sg,ORCHARD GATEWAY,238858
Orchard Plaza,,150 ORCHARD ROAD ORCHARD PLAZA SINGAPORE 238841,1.30126533,103.84115179999999,,,,,,,,,,,ORCHARD PLAZA,238841
Midpoint Orchard,,220 ORCHARD ROAD MIDPOINT ORCHARD SINGAPORE 238852,1.301783782,103.8386606,,,,,,,,,,,MIDPOINT ORCHARD,238852
Orchard Shopping Centre,,321 ORCHARD ROAD ORCHARD SHOPPING CENTRE SINGAPORE 238866,1.301484998,103.83788829999999,,,,,,,,,,,ORCHARD SHOPPING CENTRE,238866
Palais Renaissance,,390 ORCHARD ROAD PALAIS RENAISSANCE SINGAPORE 238871,1.306654845,103.829588,,,,,,,,,,,PALAIS RENAISSANCE,238871
People's Park Centre,"Outram, Singapore",101B UPPER CROSS STREET PEOPLE'S PARK CENTRE SINGAPORE 058359,1.285757742,103.8439298,1973; 47 years ago,,HBA Group Property Consultants Pte Ltd,Management Corporation Strata Title 0393,,,, NE4  DT19  Chinatown,,,PEOPLE'S PARK CENTRE,058359
People's Park Complex,"1 Park Road, Singapore 059108 ( NE4  DT19  Chinatown)",1 PARK ROAD PEOPLE'S PARK COMPLEX SINGAPORE 059108,1.284128626,103.8425848,,,,People's Park Development,,,,,,,PEOPLE'S PARK COMPLEX,059108
Plaza Singapura,Singapore,68 ORCHARD ROAD PLAZA SINGAPURA SINGAPORE 238839,1.300820718,103.8450673,14 September 1974; 46 years ago,DBS Land,CapitaMalls Asia,CapitaMall Trust,320,9,, NS24  NE6  CC1  Dhoby Ghaut,,www.plazasingapura.com.sg,PLAZA SINGAPURA,238839
PoMo,,,,,,,,,,,,,,,-1,
Raffles City,"City Hall, Downtown Core, Singapore",250 NORTH BRIDGE ROAD DBS RAFFLES CITY BRANCH SINGAPORE 179101,1.294083047,103.8533395,,Tincel Properties,CapitaLand,"CapitaCommercial Trust
CapitaMall Trust",,,,,,,DBS RAFFLES CITY BRANCH,179101
Scotts Square,,SCOTTS SQUARE,1.3057629240000002,103.8330834,,,,,,,,,,,SCOTTS SQUARE,NIL
Serangoon Plaza,,320 SERANGOON ROAD SERANGOON PLAZA SINGAPORE 218108,1.310780752,103.8551468,,,,,,,,,,,SERANGOON PLAZA,218108
Shaw House and Centre,Singapore,350 Orchard Road,1.305833333,103.83152779999999,1993,Shaw Organisation,Shaw Organisation,Shaw Organisation,12,22,," TE13  Orchard Boulevard
 NS22  TE14  Orchard",,shaw.com.sg,-1,
Sim Lim Square,Singapore,1 ROCHOR CANAL ROAD SIM LIM SQUARE SINGAPORE 188504,1.303022985,103.85287559999999,January 1987; 33 years ago,,,,151,"6 above-ground
2 basement floors",, DT13  Rochor,,www.simlimsquare.com.sg,SIM LIM SQUARE,188504
Singapore Shopping Centre,,190 CLEMENCEAU AVENUE SINGAPORE SHOPPING CENTRE SINGAPORE 239924,1.2981321479999999,103.8441384,,,,,,,,,,,SINGAPORE SHOPPING CENTRE,239924
The South Beach,,38 BEACH ROAD THE SOUTH BEACH SINGAPORE 189767,1.2949880440000001,103.8562762,,South Beach Consortium Pte Ltd (City Developments Limited and IOI Group),,,,,,,,,THE SOUTH BEACH,189767
Square 2,,10 SINARAN DRIVE SQUARE 2 SINGAPORE 307506,1.320612586,103.8443315,,,,,,,,,,,SQUARE 2,307506
Suntec City,,SUNTEC CITY,1.295466756,103.85858499999999,,,,,,,,,,,SUNTEC CITY,NIL
Tanglin Mall,,163 TANGLIN ROAD TANGLIN MALL SINGAPORE 247933,1.304853421,103.8238835,,,,,,,,,,,TANGLIN MALL,247933
Tangs,,320 ORCHARD ROAD DBS TANGS ORCHARD SINGAPORE 238865,1.304950056,103.8329711,,,,,,,,,,http://www.tangs.com/,DBS TANGS ORCHARD,238865
Tanjong Pagar Centre,"Tanjong Pagar, Central Business District, Singapore",5 WALLICH STREET TANJONG PAGAR CENTRE SINGAPORE 078883,1.276609528,103.8461808,,GuocoLand Limited,,,,,,,,,TANJONG PAGAR CENTRE,078883
Tekka Centre,"Little India, Singapore  NE7  DT12  Little India",665 BUFFALO ROAD ZHUJIAO CENTRE (TEKKA MARKET) SINGAPORE 210665,1.30617773,103.85061,,,,,,,,,,,ZHUJIAO CENTRE (TEKKA MARKET),210665
The Paragon,Singapore,290 ORCHARD ROAD THE PARAGON SINGAPORE 238859,1.3039493640000002,103.8358442,1998,,SPH Retail Property Management Services,Orchard 290 Ltd,196,"6 (retail)
14 (medical)",," NS23  Somserset
 NS22  TE14  Orchard",,paragon.com.sg,THE PARAGON,238859
Tiong Bahru Plaza,"Tiong Bahru Road, Singapore",302 TIONG BAHRU ROAD TIONG BAHRU PLAZA SINGAPORE 168732,1.2864712,103.8271583,Nov-94,UOL Limited,AsiaMalls Management,ARMF (TBP) Private Limited,167 (6 levels inclusive of 1 basement level),"9 (6 shopping floors, 3 carpark floors)",, EW17  Tiong Bahru,,Tiong Bahru Plaza,TIONG BAHRU PLAZA,168732
Thomson Plaza,"Upper Thomson Road, Singapore",4D MARIGOLD DRIVE THOMSON PLAZA SINGAPORE 576389,1.3543252419999998,103.8303281,1979,DBS Land,Knight Frank Asset Management Pte Ltd,Mercatus Co-operative Limited,154,4,,,,Official website,THOMSON PLAZA,576389
Velocity,,238B THOMSON ROAD VELOCITY @ NOVENA SQUARE SINGAPORE 307685,1.319295425,103.84419140000001,,,,,,,,,,,VELOCITY @ NOVENA SQUARE,307685
Wheelock Place,"Orchard, Singapore",501 ORCHARD ROAD WHEELOCK PLACE SINGAPORE 238880,1.30453636,103.8307142,1993,Wharf Estates Singapore,Wharf Estates Singapore,Wharf Estates Singapore,26,23,,,,wheelockplace.com,WHEELOCK PLACE,238880
Wisma Atria,,435 ORCHARD ROAD WISMA ATRIA SINGAPORE 238877,1.303698907,103.8331896,13 November 1986; 33 years ago,,YTL Starhill Global Property Management,YTL Starhill Global Property Management,100,"B, L1-L4 (Retail)
             L5-L7(Parking)
L10-L22 (Office)",, NS22  TE14  Orchard,,Wisma Atria,WISMA ATRIA,238877
Zhongshan Mall,,20 AH HOOD ROAD ZHONGSHAN MALL SINGAPORE 329984,1.326945045,103.84655440000002,,,,,,,,,,,ZHONGSHAN MALL,329984
White Sands,"Pasir Ris, Singapore",1 PASIR RIS CENTRAL STREET 3 WHITE SANDS SINGAPORE 518457,1.372398981,103.94974920000001,January 1997; 23 years ago,,AsiaMalls Management Pte Ltd,ARMF (WhiteSands) Pte. Ltd.,125,8,, EW1  CR5   CP1  Pasir Ris,,www.whitesands.com.sg,WHITE SANDS,518457
Downtown East,1 Pasir Ris Close Singapore 519599,DOWNTOWN EAST,1.377775842,103.9547736,,,NTUC Club,National Trades Union Congress (NTUC),,,,,,,DOWNTOWN EAST,NIL
Century Square,"Tampines, Singapore",2 TAMPINES CENTRAL 5 CENTURY SQUARE SINGAPORE 529509,1.3523611309999999,103.9437848,Jul-95,,Frasers Property,Century Square Holding Pte Ltd,218 (upon reopening),6 levels,, EW2  DT32  Tampines,,www.centurysquare.com.sg,CENTURY SQUARE,529509
Tampines 1,"Tampines, Singapore",10 TAMPINES CENTRAL 1 OCBC TAMPINES 1 SINGAPORE 529536,1.354315565,103.9450195,1 April 2009; 11 years ago,ARMF II (Tampines) Pte Ltd,AsiaMalls Management Pte Ltd,,Approx. 176,7,, EW2  DT32  Tampines,,Tampines 1,OCBC TAMPINES 1,529536
Tampines Mall,"Tampines, Singapore",4 TAMPINES CENTRAL 5 TAMPINES MALL SINGAPORE 529510,1.3525802519999999,103.94469620000001,December 1995; 24 years ago,CapitaMall Trust,CapitaMalls Asia,CapitaMall Trust,160,6,, EW2  DT32  Tampines,,Tampines Mall,TAMPINES MALL,529510
Our Tampines Hub,"1 Tampines Walk, Singapore 528523",1 TAMPINES WALK OUR TAMPINES HUB SINGAPORE 528523,1.353101202,103.9408486,,,,People’s Association,,,,,,,OUR TAMPINES HUB,528523
Changi Airport,"Changi, East Region, Singapore",CHANGI AIRPORT MRT STATION EXIT B,1.357220256,103.9873046,,,,Government of Singapore[1],,,,,,changiairport.com,CHANGI AIRPORT MRT STATION EXIT B,NIL
Changi City Point,"Changi Business Park, Singapore",5 CHANGI BUSINESS PARK CENTRAL 1 CHANGI CITY POINT SINGAPORE 486038,1.334036379,103.9629176,6 November 2011; 9 years ago,"Ascendas Land
Frasers Property",Frasers Property,Frasers Property,140,4,," CG1  DT35  Expo
SBS Transit Service: 20, Go-Ahead Service: 118",,www.changicitypoint.com.sg,CHANGI CITY POINT,486038
Djitsun Mall Bedok,,445 BEDOK NORTH STREET 1 DJITSUN MALL BEDOK SINGAPORE 469661,1.326053199,103.92960459999999,,,,,,,,,,,DJITSUN MALL BEDOK,469661
Eastpoint Mall,"3 Simei Street 6, Singapore 528833",3 SIMEI STREET 6 EASTPOINT MALL SINGAPORE 528833,1.342586441,103.9530723,December 1996; 23 years ago,Far East Organisation,Frasers Property,NTUC Income Insurance Co-Operative Pte Ltd,180,8 (2 basements + 6 retail levels),, EW3  Simei,,www.eastpoint.sg,EASTPOINT MALL,528833
Bedok Mall,"Bedok, Singapore",311 NEW UPPER CHANGI ROAD BEDOK MALL SINGAPORE 467360,1.3246689740000002,103.9294055,3 December 2013; 6 years ago,,CapitaMalls Asia,CapitaMalls Asia,195,3,," EW5  Bedok
Bedok",,bedokmall.com.sg/en,BEDOK MALL,467360
Bedok Point,"Bedok, Singapore",799 NEW UPPER CHANGI ROAD BEDOK POINT SINGAPORE 467351,1.324801026,103.932384,"16 December 2010; 9 years ago (Soft)
26 April 2011; 9 years ago (Official)",Frasers Centrepoint,Frasers Centrepoint,Frasers Centrepoint Trust,75,6 (including 2 basements),," EW5  Bedok
Bedok",,bedokpoint.fraserscentrepointmalls.com,BEDOK POINT,467351
112 Katong,"Joo Chiat, Singapore",112 EAST COAST ROAD 112 KATONG SINGAPORE 428802,1.305086818,103.90509890000001,Nov-11,,Perennial (Singapore) Retail Management Pte. Ltd.,Alpha Investment Pte Ltd,160 tenants,7,,,,112katong.com.sg,112 KATONG,428802
Parkway Parade,"Marine Parade, Singapore",80 MARINE PARADE ROAD PARKWAY PARADE SINGAPORE 449269,1.301080033,103.9052818,December 1983; 36 years ago,Parkway Holdings,Lendlease,"Mixed-use development with sub-divided strata ownership, owned by Parkway Parade Partnership Limited fund managed by Lend Lease",270,7,,,,www.parkwayparade.com.sg,PARKWAY PARADE,449269
Kallang Wave Mall,"Kallang, Singapore",1 STADIUM PLACE KALLANG WAVE MALL SINGAPORE 397628,1.303843272,103.8727507,27 June 2014; 6 years ago,,Singapore Sports Hub,,,,, CC6  Stadium,,www.sportshub.com.sg/directory,KALLANG WAVE MALL,397628
Leisure Park Kallang,"Kallang, Singapore",5 STADIUM WALK LEISURE PARK KALLANG SINGAPORE 397693,1.302337453,103.87644920000001,"1982; 38 years ago (original)
November 2007; 13 years ago (rebuilt)",,,Jack Investments,71,6,, CC6  Stadium,,www.leisurepark.com.sg,LEISURE PARK KALLANG,397693
Jewel Changi Airport,"Changi, Singapore",78 AIRPORT BOULEVARD JEWEL CHANGI AIRPORT SINGAPORE 819666,1.360331745,103.9896703,,,,"Changi Airport Group
CapitaLand
Jewel Changi Airport Trustee Pte. Ltd.",,,,,,,JEWEL CHANGI AIRPORT,819666
AMK Hub,"Ang Mo Kio, Singapore",57 ANG MO KIO AVENUE 3 AMK HUB SINGAPORE 567751,1.3693892269999999,103.848478,May 2007; 13 years ago,,Mercatus Ltd,Mercatus Ltd,201,7,," NS16  CR11  Ang Mo Kio
Ang Mo Kio",,AMK Hub,AMK HUB,567751
Canberra Plaza,"Sembawang, Singapore",133 CANBERRA VIEW CANBERRA PLAZA SINGAPORE 750133,1.443245232,103.8305235,2020,Housing & Development Board,Knight Frank[1],Housing & Development Board,,3 with 1 level basement,," NS12  Canberra
117, 169/169A, 883/883M[2]",,Official Website,CANBERRA PLAZA,750133
Causeway Point,"Woodlands, Singapore",1 WOODLANDS SQUARE CAUSEWAY POINT SINGAPORE 738099,1.4360886769999999,103.78601,Nov-98,Frasers Centrepoint,Frasers Centrepoint,Frasers Centrepoint Trust,250,9,," NS9  TE2  Woodlands
Woodlands Bus Interchange",,causewaypoint.com.sg,CAUSEWAY POINT,738099
Northpoint City,"Yishun, Singapore",NORTHPOINT CITY,1.428113577,103.83606309999999,"November 1992; 28 years ago (North Wing)
December 2017; 2 years ago (South Wing)",Frasers Centrepoint,Frasers Centrepoint,Frasers Centrepoint Trust,400,7,," NS13  Yishun
Yishun",,Northpoint City,NORTHPOINT CITY,NIL
Sembawang Shopping Centre,"Sembawang, Singapore",604 SEMBAWANG ROAD SEMBAWANG SHOPPING CENTRE SINGAPORE 758459,1.4418532530000001,103.8248324,1997,CapitaLand Mall Trust,Knight Frank,Lian Beng-Apricot Sembawang,,3 with 4 Basements (1 retail Basement),,"Service(s) 167/167e, 856, 858, 859, 980 (SMRT Buses)[1]",,www.sembawangsc.com.sg,SEMBAWANG SHOPPING CENTRE,758459
Sun Plaza,"Sembawang, Singapore",30 SEMBAWANG DRIVE SUN PLAZA SINGAPORE 757713,1.4482265380000001,103.8194621,May 2000; 20 years ago,Canberra Development Pte Ltd,Koh Brothers Group and Heeton Holdings,Koh Brothers Group and Heeton Holdings,91,14 [12 floors (6 retail + 7 residential) + 2 basements],, NS11  Sembawang,,Sun Plaza,SUN PLAZA,757713
Waterway Point,"Punggol, Singapore",83 PUNGGOL CENTRAL WATERWAY POINT SINGAPORE 828761,1.4064261630000001,103.90223809999999,18 January 2016; 4 years ago,"Frasers Property
Far East Organization
Sekisui House",Frasers Centrepoint Malls,Frasers Centrepoint Malls,203,4[1],," NE17  PTC  CP4  Punggol
Punggol",,Waterway Point,WATERWAY POINT,828761
Compass One,"Compassvale, Sengkang, Singapore",1 SENGKANG SQUARE COMPASS ONE SINGAPORE 545078,1.392094156,103.89498,"1 August 2002; 18 years ago (as Compass Point)
1 September 2016; 4 years ago (as Compass One)",Frasers Centrepoint,M&G Real Estate,M&G Real Estate,208,8 floors,," NE16  STC  Sengkang
Sengkang
Compassvale",,www.compassone.sg,COMPASS ONE,545078
Hougang Mall,"90 Hougang Avenue 10, Singapore 538766",90 HOUGANG AVENUE 10 HOUGANG MALL SINGAPORE 538766,1.3724367830000002,103.89372390000001,1997; 23 years ago,,AsiaMalls Management Pte Ltd,ARMF (Hougang Mall) Private Limited,134,7,, NE14  CR8  Hougang,,www.hougangmall.com.sg,HOUGANG MALL,538766
Heartland Mall,"205 Hougang Street 21, Singapore 530205",205 HOUGANG STREET 21 UOB HEARTLAND MALL SINGAPORE 530205,1.359544509,103.8851691,1984; 36 years ago,,,Housing and Development Board[1],,4,, NE13  Kovan,,,UOB HEARTLAND MALL,530205
NEX,"Serangoon New Town, Singapore",23 SERANGOON CENTRAL NEX SINGAPORE 556083,1.3506755209999999,103.87186159999999,25 November 2010; 9 years ago,,,,340,"7 (B2, B1, 1-4, 4R)",, NE12  CC13  Serangoon,,www.nex.com.sg,NEX,556083
Greenwich V,,1 SELETAR ROAD GREENWICH V SINGAPORE 807011,1.3876033019999998,103.86942359999999,,,,,,,,,,,GREENWICH V,807011
myVillage @ Serangoon,,,,,,,,,,,,,,,-1,
Oasis Terraces,"681 Punggol Drive, Singapore 820681",681 PUNGGOL DRIVE OASIS TERRACES SINGAPORE 820681,1.402634601,103.91327059999999,15 June 2018; 2 years ago[2],HDB,,HDB,,,," PE6  Oasis
50, 386, 386A, 591, 593, 666, G110, G194",,www.singhealth.com.sg/Pages/home.aspx,OASIS TERRACES,820681
Punggol Plaza,"Punggol, Singapore",168 PUNGGOL FIELD PUNGGOL PLAZA SINGAPORE 820168,1.394184094,103.9129764,September 2004; 16 years ago,Housing and Development Board,Abundance Development Pte Ltd,Abundance Development Pte Ltd[1],50,6 (2 basement levels),," PE3  Coral Edge
3, 62, 83, 381, 386, 569, 591, 593, 666, 729, 744",,Punggol Plaza,PUNGGOL PLAZA,820168
The Seletar Mall,"Fernvale, Singapore",33 SENGKANG WEST AVENUE THE SELETAR MALL SINGAPORE 797653,1.391393061,103.87606770000001,28 November 2014; 5 years ago[1],,The Seletar Mall Pte. Ltd,"SPH (70%)
United Engineers Limited (30%)",132,6,, SW5  Fernvale,,www.theseletarmall.com,THE SELETAR MALL,797653
Upper Serangoon Shopping Centre,,756 UPPER SERANGOON ROAD UPPER SERANGOON SHOPPING CENTRE SINGAPORE 534626,1.353480883,103.8788284,,,,,,,,,,,UPPER SERANGOON SHOPPING CENTRE,534626
Bukit Panjang Plaza,,1 JELEBU ROAD BUKIT PANJANG PLAZA SINGAPORE 677743,1.379916507,103.7643171,,,,,,,,,,,BUKIT PANJANG PLAZA,677743
HillV2,,4 HILLVIEW RISE HILLV2 SINGAPORE 667979,1.363550958,103.76423609999999,,,,,,,,,,,HILLV2,667979
Junction 10,"1 Woodlands Road, Singapore 677899",1 WOODLANDS ROAD JUNCTION 10 SINGAPORE 677899,1.380605125,103.7600416,"1998; 22 years ago (as Ten Mile Junction)
30 December 2011; 8 years ago (as Junction 10)",Far East Organization,Far East Retail,Far East Organization,More than 60,4,,,,Junction10,JUNCTION 10,677899
Limbang Shopping Centre,,534 CHOA CHU KANG STREET 51 LIMBANG SHOPPING CENTRE SINGAPORE 680534,1.392242406,103.74319100000001,,,,,,,,,,,LIMBANG SHOPPING CENTRE,680534
Lot One,"21 Choa Chu Kang Avenue 4, Singapore 689812",21 CHOA CHU KANG AVENUE 4 SHAW THEATRES LOT ONE SINGAPORE 689812,1.385069923,103.7452389,August 1996; 24 years ago,,,CapitaMall Trust,148,6,, NS4  JS1  BP1  Choa Chu Kang,,Lot One,SHAW THEATRES LOT ONE,689812
West Mall,"Bukit Batok, Singapore",1 BUKIT BATOK CENTRAL LINK WEST MALL SINGAPORE 658713,1.3501891659999998,103.749022,1998; 22 years ago,,,,156,8,, NS2  Bukit Batok,,www.westmall.com.sg,WEST MALL,658713
The Clementi Mall,"3155 Commonwealth Avenue West, Singapore 129588",3155 COMMONWEALTH AVENUE WEST THE CLEMENTI MALL SINGAPORE 129588,1.315496754,103.76457020000001,"14 January 2011; 9 years ago (operational)
21 May 2011; 9 years ago (official)[1]",,,"CM Domain Pte Ltd, Singapore Press Holdings, NTUC",135,6,," EW23  Clementi
Clementi",,theclementimall.com,THE CLEMENTI MALL,129588
IMM, Singapore,2 JURONG EAST STREET 21 IMM BUILDING SINGAPORE 609601,1.33489844,103.7467345,29 June 1991; 29 years ago,,,CapitaLand Mall Trust,"248 retail, 388 non-retail",,,Free Shuttle Bus Service at International Business Park,,imm.sg/en,IMM BUILDING,609601
JCube,"Jurong East, Singapore",2 JURONG EAST CENTRAL 1 JCUBE SINGAPORE 609731,1.333237851,103.74019129999999,2 April 2012; 8 years ago,,CapitaMalls Asia,CapitaMall Trust,154,6,, EW24  NS1  JE5  Jurong East,,JCube,JCUBE,609731
Jem,"Jurong East, Singapore",52 JURONG GATEWAY ROAD JEM SINGAPORE 608550,1.333054519,103.74343370000001,15 June 2013; 7 years ago,,Lendlease,Lendlease,241,9,, EW24  JE5  NS1  Jurong East,,www.jem.sg,JEM,608550
Westgate,"Jurong East, Singapore",3 GATEWAY DRIVE WESTGATE SINGAPORE 608532,1.33428313,103.74287009999999,2 December 2013; 6 years ago[1],,CapitaMalls Asia,CapitaMalls Asia,196[2],7,, EW24  NS1  JE5  Jurong East,,westgate.com.sg/en,WESTGATE,608532
Jurong Point,"Jurong West Central, Jurong West, Singapore",1 JURONG WEST CENTRAL 2 JURONG POINT SINGAPORE 648886,1.339452004,103.706685,Dec-95,Prime Point Realty Development Private Limited,,Mercatus Co-operative Limited,450,9,, EW27  JS8  Boon Lay,,jurongpoint.com.sg,JURONG POINT,648886
Pioneer Mall,,638 JURONG WEST STREET 61 PIONEER MALL SINGAPORE 640638,1.341591087,103.69702009999999,,,,,,,,,,,PIONEER MALL,640638
The Star Vista,,1 VISTA EXCHANGE GREEN THE STAR VISTA SINGAPORE 138617,1.30697044,103.7884203,,,,,,,,,,,THE STAR VISTA,138617
Anchorpoint,,368 ALEXANDRA ROAD ANCHORPOINT SHOPPING CENTRE SINGAPORE 159952,1.28893478,103.8056078,,,,,,,,,,,ANCHORPOINT SHOPPING CENTRE,159952
Gek Poh Shopping Centre,,763 JURONG WEST STREET 75 GEK POH SHOPPING CENTRE SINGAPORE 640763,1.3487440030000002,103.6982988,,,,,,,,,,,GEK POH SHOPPING CENTRE,640763
Taman Jurong Shopping Centre,,399 YUNG SHENG ROAD TAMAN JURONG SHOPPING CENTRE SINGAPORE 610399,1.334844875,103.720462,,,,,,,,,,,TAMAN JURONG SHOPPING CENTRE,610399
West Coast Plaza,Singapore,154 WEST COAST ROAD WEST COAST PLAZA SINGAPORE 127371,1.303742583,103.7660929,"1992 (Ginza Plaza)
2008 (West Coast Plaza)",,,Far East Organization,68,3 (including a ground floor),,,,www.westcoastplaza.com.sg,WEST COAST PLAZA,127371
Queensway Shopping Centre,"Queenstown, Singapore",1 QUEENSWAY QUEENSWAY SHOPPING CENTRE SINGAPORE 149053,1.287617926,103.8033911,1976,City Developments Limited,,,150,5 (1 basement level),,,,queenswayshoppingcentre.com,QUEENSWAY SHOPPING CENTRE,149053
